{"name":"Skrillex","image":"http://the305.com/blog/wp-content/uploads/2014/01/skrillex-ultra-2014.jpg","created":"05/04/2001","additionalInformation":{"location":"UK","albums":"4","singles":"16","bandMembers":["Skrillex"]},"id":9,"bandMembers":["Skrillex"],"albums":[{"name":"Gypsy Hook","image":"http://gostbrand.com/blog/wp-content/uploads/2009/08/gypsy_hook_01.jpg","year":"2008","songs":"12","price":"15","status":"2","id":1,"rating":0},{"image":"http://upload.wikimedia.org/wikipedia/fi/4/4e/My_Name_Is_Skrillex_EP.jpg","name":"My Name Is Skrillex","year":"2010","songs":"12","price":"19","status":"2","id":2,"rating":0},{"image":"http://cdn.wmgecom.com/production/media/catalog/product/cache/292/image/9df78eab33525d08d6e5fb8d27136e95/0/7/075679970930.jpg","name":"Scary Monsters","year":"2010","songs":"10","price":"12","status":"2","id":3,"rating":0},{"image":"http://www.icangiveyouhouse.com/audio/2011/12/Bangarang-EPICanGiveYouHouse.Com_1.jpeg","name":"Bangarang","year":"2011","songs":"17","price":"20","status":"2","id":4,"rating":0}]}